"","Source","Target","auc","aucpr","prevalence","aucprg"
"1","Arctic","Arctic",0.95426848403767,0.322373128959765,0.0274166666666667,0.957250892018886
"2","Arctic","Euro",0.812980712171625,0.18170802639079,0.0449051133942374,0.879543806266681
"3","Arctic","Pyrenees",0.910508912025133,0.158556314195088,0.0214125589425133,0.909905583568973
"4","Arctic","Serengeti",0.756037841275453,0.323379650046023,0.111951803318593,0.80488454300406
"5","Euro","Arctic",0.901694513016174,0.167648010498043,0.02745,0.860960296551941
"6","Euro","Euro",0.960195321018555,0.466790825734453,0.0449056085352798,0.965317622086217
"7","Euro","Pyrenees",0.890784686352394,0.09206897597754,0.0214125589425133,0.664469248769866
"8","Euro","Serengeti",0.797662130834459,0.367043300070726,0.111951803318593,0.839416416532829
"9","Pyrenees","Arctic",0.864874022800182,0.220673919319046,0.02745,0.954315828384145
"10","Pyrenees","Euro",0.866650368525913,0.243216510149769,0.0449051133942374,0.905909363674704
"11","Pyrenees","Pyrenees",0.952961146790268,0.276835390667116,0.0213880776498883,0.977364256435939
"12","Pyrenees","Serengeti",0.760718334666501,0.376454707602581,0.111951803318593,0.844158690926799
"13","Serengeti","Arctic",0.775174299549969,0.0989876729086649,0.02745,0.82562170781515
"14","Serengeti","Euro",0.843972639858625,0.189741355581594,0.0449051133942374,0.835424425314699
"15","Serengeti","Pyrenees",0.874333176868057,0.100499882895967,0.0214125589425133,0.856657330726355
"16","Serengeti","Serengeti",0.949017895669057,0.692108294572731,0.111941307728717,0.966119100807974
